{
  "input_json": "/home/railabchan/isaac_vr_project/v2/eval_results/bc_pick_place_v1_rollout_eval.json",
  "success_dist": 0.06,
  "summary": {
    "episodes": 50,
    "successes": 45,
    "failures": 5,
    "success_rate": 0.9,
    "failure_categories": {
      "released_outside_success_radius": 5
    }
  },
  "overall_stats": {
    "count": 50,
    "mean_steps": 832.8400268554688,
    "std_steps": 148.14822387695312,
    "min_steps": 639.0,
    "max_steps": 1200.0,
    "mean_total_reward": 77.39773559570312,
    "std_total_reward": 10.771554946899414,
    "min_total_reward": 69.7189712524414,
    "max_total_reward": 100.57708740234375,
    "mean_final_cube_target_dist": 0.06740925461053848,
    "std_final_cube_target_dist": 0.026709698140621185,
    "min_final_cube_target_dist": 0.055309001356363297,
    "max_final_cube_target_dist": 0.18961219489574432,
    "mean_min_cube_target_dist": 0.06266044825315475,
    "std_min_cube_target_dist": 0.013577728532254696,
    "min_min_cube_target_dist": 0.055309001356363297,
    "max_min_cube_target_dist": 0.12924997508525848,
    "mean_final_ee_cube_dist": 0.1007169634103775,
    "std_final_ee_cube_dist": 0.11639593541622162,
    "min_final_ee_cube_dist": 0.05732109397649765,
    "max_final_ee_cube_dist": 0.46193453669548035,
    "mean_min_ee_cube_dist": 0.05785046145319939,
    "std_min_ee_cube_dist": 0.002363677602261305,
    "min_min_ee_cube_dist": 0.057030100375413895,
    "max_min_ee_cube_dist": 0.06936933845281601,
    "mean_placement_margin_m": 0.007409252692013979,
    "std_placement_margin_m": 0.026709698140621185,
    "min_placement_margin_m": -0.004690998699516058,
    "max_placement_margin_m": 0.12961219251155853,
    "mean_best_placement_margin_m": 0.002660442842170596,
    "std_best_placement_margin_m": 0.013577728532254696,
    "min_best_placement_margin_m": -0.004690998699516058,
    "max_best_placement_margin_m": 0.06924997270107269,
    "grasp_rate": 1.0,
    "truncated_rate": 0.1
  },
  "success_stats": {
    "count": 45,
    "mean_steps": 792.04443359375,
    "std_steps": 87.99872589111328,
    "min_steps": 639.0,
    "max_steps": 973.0,
    "mean_total_reward": 76.61695098876953,
    "std_total_reward": 11.082490921020508,
    "min_total_reward": 69.7189712524414,
    "max_total_reward": 100.57708740234375,
    "mean_final_cube_target_dist": 0.05962280184030533,
    "std_final_cube_target_dist": 0.0006754329078830779,
    "min_final_cube_target_dist": 0.055309001356363297,
    "max_final_cube_target_dist": 0.0599784292280674,
    "mean_min_cube_target_dist": 0.05962280184030533,
    "std_min_cube_target_dist": 0.0006754329078830779,
    "min_min_cube_target_dist": 0.055309001356363297,
    "max_min_cube_target_dist": 0.0599784292280674,
    "mean_final_ee_cube_dist": 0.06213339790701866,
    "std_final_ee_cube_dist": 0.01132936030626297,
    "min_final_ee_cube_dist": 0.05732109397649765,
    "max_final_ee_cube_dist": 0.10624850541353226,
    "mean_min_ee_cube_dist": 0.057655081152915955,
    "std_min_ee_cube_dist": 0.0017833979800343513,
    "min_min_ee_cube_dist": 0.057030100375413895,
    "max_min_ee_cube_dist": 0.06936933845281601,
    "mean_placement_margin_m": -0.00037719859392382205,
    "std_placement_margin_m": 0.000675432849675417,
    "min_placement_margin_m": -0.004690998699516058,
    "max_placement_margin_m": -2.1570771423284896e-05,
    "mean_best_placement_margin_m": -0.00037719859392382205,
    "std_best_placement_margin_m": 0.000675432849675417,
    "min_best_placement_margin_m": -0.004690998699516058,
    "max_best_placement_margin_m": -2.1570771423284896e-05,
    "grasp_rate": 1.0,
    "truncated_rate": 0.0
  },
  "failure_stats": {
    "count": 5,
    "mean_steps": 1200.0,
    "std_steps": 0.0,
    "min_steps": 1200.0,
    "max_steps": 1200.0,
    "mean_total_reward": 84.42478942871094,
    "std_total_reward": 0.05844513699412346,
    "min_total_reward": 84.33181762695312,
    "max_total_reward": 84.51405334472656,
    "mean_final_cube_target_dist": 0.13748732209205627,
    "std_final_cube_target_dist": 0.040906962007284164,
    "min_final_cube_target_dist": 0.07592911273241043,
    "max_final_cube_target_dist": 0.18961219489574432,
    "mean_min_cube_target_dist": 0.08999921381473541,
    "std_min_cube_target_dist": 0.03176455944776535,
    "min_min_cube_target_dist": 0.06196153163909912,
    "max_min_cube_target_dist": 0.12924997508525848,
    "mean_final_ee_cube_dist": 0.44796910881996155,
    "std_final_ee_cube_dist": 0.018510932102799416,
    "min_final_ee_cube_dist": 0.4114518463611603,
    "max_final_ee_cube_dist": 0.46193453669548035,
    "mean_min_ee_cube_dist": 0.05960886925458908,
    "std_min_ee_cube_dist": 0.004879506304860115,
    "min_min_ee_cube_dist": 0.05706573277711868,
    "max_min_ee_cube_dist": 0.06936601549386978,
    "mean_placement_margin_m": 0.07748732715845108,
    "std_placement_margin_m": 0.040906962007284164,
    "min_placement_margin_m": 0.01592911221086979,
    "max_placement_margin_m": 0.12961219251155853,
    "mean_best_placement_margin_m": 0.02999921515583992,
    "std_best_placement_margin_m": 0.03176455572247505,
    "min_best_placement_margin_m": 0.0019615315832197666,
    "max_best_placement_margin_m": 0.06924997270107269,
    "grasp_rate": 1.0,
    "truncated_rate": 1.0
  },
  "failure_by_cube": {
    "cube_0": {
      "episodes": 17,
      "failures": 3,
      "failure_rate": 0.17647058823529413,
      "mean_final_cube_target_dist": 0.07366870212204316
    },
    "cube_1": {
      "episodes": 17,
      "failures": 0,
      "failure_rate": 0.0,
      "mean_final_cube_target_dist": 0.05968753599068698
    },
    "cube_2": {
      "episodes": 16,
      "failures": 2,
      "failure_rate": 0.125,
      "mean_final_cube_target_dist": 0.06896291323937476
    }
  },
  "worst_failures": [
    {
      "episode": 42,
      "seed": 53,
      "active_cube": "cube_0",
      "success": false,
      "truncated": true,
      "steps": 1200,
      "total_reward": 84.40952129252027,
      "final_cube_target_dist": 0.18961219489574432,
      "min_cube_target_dist": 0.12836898863315582,
      "final_ee_cube_dist": 0.4114518463611603,
      "min_ee_cube_dist": 0.05731887370347977,
      "grasped_any": true,
      "final_has_grasped": false,
      "errp_count": 0,
      "final_controller_event": 10,
      "final_controller_t": 0.0,
      "phase_hold_steps": 0,
      "reward_components_total": {
        "ee_to_cube_progress": 0.021626529688545393,
        "cube_to_target_progress": 0.31147480261222205,
        "grasp_bonus": 90.40000000000074,
        "success_bonus": 0.0,
        "action_penalty": -6.323580039780638,
        "near_human_penalty": 0.0,
        "human_collision_penalty": 0.0,
        "errp_penalty": 0.0
      },
      "failure_category": "released_outside_success_radius",
      "placement_margin_m": 0.12961219489574433,
      "best_placement_margin_m": 0.06836898863315582
    },
    {
      "episode": 35,
      "seed": 46,
      "active_cube": "cube_2",
      "success": false,
      "truncated": true,
      "steps": 1200,
      "total_reward": 84.43948639231512,
      "final_cube_target_dist": 0.16517098248004913,
      "min_cube_target_dist": 0.12924997508525848,
      "final_ee_cube_dist": 0.4523772597312927,
      "min_ee_cube_dist": 0.06936601549386978,
      "grasped_any": true,
      "final_has_grasped": false,
      "errp_count": 0,
      "final_controller_event": 10,
      "final_controller_t": 0.0,
      "phase_hold_steps": 0,
      "reward_components_total": {
        "ee_to_cube_progress": -0.012253823092632898,
        "cube_to_target_progress": 0.5041352007571035,
        "grasp_bonus": 90.40000000000074,
        "success_bonus": 0.0,
        "action_penalty": -6.452394985349215,
        "near_human_penalty": 0.0,
        "human_collision_penalty": 0.0,
        "errp_penalty": 0.0
      },
      "failure_category": "released_outside_success_radius",
      "placement_margin_m": 0.10517098248004914,