{
  "labels": {
    "baseline": "BC-v1",
    "candidate": "PPO-v2-releasegate"
  },
  "baseline_summary": {
    "episodes": 50,
    "successes": 45,
    "success_rate": 0.8999999761581421,
    "truncated_rate": 0.10000000149011612,
    "grasp_rate": 1.0,
    "mean_steps": 832.8400268554688,
    "std_steps": 148.14822387695312,
    "mean_total_reward": 77.39773559570312,
    "std_total_reward": 10.771554946899414,
    "mean_final_cube_target_dist": 0.06740925461053848,
    "std_final_cube_target_dist": 0.026709698140621185,
    "mean_min_cube_target_dist": 0.06266044825315475,
    "std_min_cube_target_dist": 0.013577728532254696
  },
  "candidate_summary": {
    "episodes": 50,
    "successes": 48,
    "success_rate": 0.9599999785423279,
    "truncated_rate": 0.03999999910593033,
    "grasp_rate": 0.9599999785423279,
    "mean_steps": 715.3800048828125,
    "std_steps": 200.296875,
    "mean_total_reward": -215.58773803710938,
    "std_total_reward": 414.0227966308594,
    "mean_final_cube_target_dist": 0.08194576948881149,
    "std_final_cube_target_dist": 0.1107923611998558,
    "mean_min_cube_target_dist": 0.07941487431526184,
    "std_min_cube_target_dist": 0.09806491434574127
  },
  "metric_deltas_candidate_minus_baseline": {
    "success_rate": 0.06000000238418579,
    "truncated_rate": -0.06000000238418579,
    "grasp_rate": -0.04000002145767212,
    "mean_steps": -117.46002197265625,
    "mean_total_reward": -292.9854736328125,
    "mean_final_cube_target_dist": 0.01453651487827301,
    "mean_min_cube_target_dist": 0.016754426062107086
  },
  "baseline_failure_summary": {
    "episodes": 50,
    "successes": 45,
    "failures": 5,
    "success_rate": 0.9,
    "failure_categories": {
      "released_outside_success_radius": 5
    }
  },
  "candidate_failure_summary": {
    "episodes": 50,
    "successes": 48,
    "failures": 2,
    "success_rate": 0.96,
    "failure_categories": {
      "grasp_never_established": 2
    }
  },
  "failure_category_delta_candidate_minus_baseline": {
    "grasp_never_established": 2,
    "released_outside_success_radius": -5
  },
  "paired_episode_changes": {
    "shared_seed_count": 50,
    "counts": {
      "both_success": 43,
      "candidate_recovery": 5,
      "candidate_regression": 2
    },
    "mean_step_delta": -117.45999908447266,
    "mean_final_dist_delta": 0.014536513015627861,
    "regressions": [
      {
        "seed": 38,
        "episode_baseline": 27,
        "episode_candidate": 27,
        "category": "candidate_regression",
        "baseline_success": true,
        "candidate_success": false,
        "baseline_final_dist": 0.05979235842823982,
        "candidate_final_dist": 0.5803087949752808,
        "baseline_grasped_any": true,
        "candidate_grasped_any": false,
        "baseline_steps": 726,
        "candidate_steps": 1200,
        "step_delta": 474
      },
      {
        "seed": 56,
        "episode_baseline": 45,
        "episode_candidate": 45,
        "category": "candidate_regression",
        "baseline_success": true,
        "candidate_success": false,
        "baseline_final_dist": 0.05988249182701111,
        "candidate_final_dist": 0.6658406853675842,
        "baseline_grasped_any": true,
        "candidate_grasped_any": false,
        "baseline_steps": 695,
        "candidate_steps": 1200,
        "step_delta": 505
      }
    ],
    "recoveries": [
      {
        "seed": 13,
        "episode_baseline": 2,
        "episode_candidate": 2,
        "category": "candidate_recovery",
        "baseline_success": false,
        "candidate_success": true,
        "baseline_final_dist": 0.10682659596204758,
        "candidate_final_dist": 0.05967770144343376,
        "baseline_grasped_any": true,
        "candidate_grasped_any": true,
        "baseline_steps": 1200,
        "candidate_steps": 619,
        "step_delta": -581
      },
      {
        "seed": 35,
        "episode_baseline": 24,
        "episode_candidate": 24,
        "category": "candidate_recovery",
        "baseline_success": false,
        "candidate_success": true,
        "baseline_final_dist": 0.1498977094888687,
        "candidate_final_dist": 0.05710998922586441,
        "baseline_grasped_any": true,
        "candidate_grasped_any": true,
        "baseline_steps": 1200,
        "candidate_steps": 1150,
        "step_delta": -50
      },
      {
        "seed": 41,
        "episode_baseline": 30,
        "episode_candidate": 30,
        "category": "candidate_recovery",
        "baseline_success": false,
        "candidate_success": true,
        "baseline_final_dist": 0.07592911273241043,
        "candidate_final_dist": 0.05979296565055847,
        "baseline_grasped_any": true,
        "candidate_grasped_any": true,
        "baseline_steps": 1200,
        "candidate_steps": 621,
        "step_delta": -579
      },
      {
        "seed": 46,
        "episode_baseline": 35,
        "episode_candidate": 35,
        "category": "candidate_recovery",
        "baseline_success": false,
        "candidate_success": true,
        "baseline_final_dist": 0.16517098248004913,
        "candidate_final_dist": 0.05934939533472061,
        "baseline_grasped_any": true,
        "candidate_grasped_any": true,
        "baseline_steps": 1200,
        "candidate_steps": 614,
        "step_delta": -586
      },
      {
        "seed": 53,
        "episode_baseline": 42,
        "episode_candidate": 42,
        "category": "candidate_recovery",
        "baseline_success": false,
        "candidate_success": true,
        "baseline_final_dist": 0.18961219489574432,
        "candidate_final_dist": 0.05984678119421005,
        "baseline_grasped_any": true,
        "candidate_grasped_any": true,
        "baseline_steps": 1200,
        "candidate_steps": 611,
        "step_delta": -589
      }
    ],
    "both_failures": []
  },
  "interpretation": [
    "PPO-v2-releasegate improved overall success rate by 0.060.",
    "PPO-v2-releasegate finished successful/failed rollouts faster on average by 117.5 steps.",
    "PPO-v2-releasegate reduced release-outside-target failures.",
    "PPO-v2-releasegate introduced more grasp-establishment failures.",
    "Seed-level comparison shows 5 recoveries and 2 regressions."
  ],
  "inputs": {
    "baseline_rollout_json": "/home/railabchan/isaac_vr_project/v2/eval_results/bc_pick_place_v1_rollout_eval.json",
    "candidate_rollout_json": "/home/railabchan/isaac_vr_project/v2/eval_results/ppo_pick_place_v2_releasegate_rollout_eval.json",
    "baseline_analysis_json": "/home/railabchan/isaac_vr_project/v2/eval_results/bc_pick_place_v1_failure_analysis.json",
    "candidate_analysis_json": "/home/railabchan/isaac_vr_project/v2/eval_results/ppo_pick_place_v2_releasegate_failure_analysis.json"
  }
}