{
  "input_json": "/home/railabchan/isaac_vr_project/v2/eval_results/ppo_pick_place_v2_earlyclose_releasegate_rollout_eval.json",
  "success_dist": 0.06,
  "summary": {
    "episodes": 50,
    "successes": 46,
    "failures": 4,
    "success_rate": 0.92,
    "failure_categories": {
      "released_outside_success_radius": 4
    }
  },
  "overall_stats": {
    "count": 50,
    "mean_steps": 678.2999877929688,
    "std_steps": 173.59185791015625,
    "min_steps": 535.0,
    "max_steps": 1200.0,
    "mean_total_reward": -155.60073852539062,
    "std_total_reward": 72.1246109008789,
    "min_total_reward": -625.5758056640625,
    "max_total_reward": -110.93688201904297,
    "mean_final_cube_target_dist": 0.0705641433596611,
    "std_final_cube_target_dist": 0.0538153313100338,
    "min_final_cube_target_dist": 0.05694369226694107,
    "max_final_cube_target_dist": 0.4302499294281006,
    "mean_min_cube_target_dist": 0.06511630117893219,
    "std_min_cube_target_dist": 0.02270265854895115,
    "min_min_cube_target_dist": 0.05694369226694107,
    "max_min_cube_target_dist": 0.1968151032924652,
    "mean_final_ee_cube_dist": 0.0714147686958313,
    "std_final_ee_cube_dist": 0.035342566668987274,
    "min_final_ee_cube_dist": 0.05863046646118164,
    "max_final_ee_cube_dist": 0.3112223744392395,
    "mean_min_ee_cube_dist": 0.06463753432035446,
    "std_min_ee_cube_dist": 0.0032040905207395554,
    "min_min_ee_cube_dist": 0.057260911911726,
    "max_min_ee_cube_dist": 0.07067933678627014,
    "mean_placement_margin_m": 0.010564140975475311,
    "std_placement_margin_m": 0.0538153313100338,
    "min_placement_margin_m": -0.003056307788938284,
    "max_placement_margin_m": 0.3702499270439148,
    "mean_best_placement_margin_m": 0.005116300191730261,
    "std_best_placement_margin_m": 0.02270265854895115,
    "min_best_placement_margin_m": -0.003056307788938284,
    "max_best_placement_margin_m": 0.13681510090827942,
    "grasp_rate": 1.0,
    "truncated_rate": 0.08
  },
  "success_stats": {
    "count": 46,
    "mean_steps": 632.9347534179688,
    "std_steps": 83.84182739257812,
    "min_steps": 535.0,
    "max_steps": 1149.0,
    "mean_total_reward": -141.24452209472656,
    "std_total_reward": 19.122821807861328,
    "min_total_reward": -173.40081787109375,
    "max_total_reward": -110.93688201904297,
    "mean_final_cube_target_dist": 0.05963469669222832,
    "std_final_cube_target_dist": 0.00044888025149703026,
    "min_final_cube_target_dist": 0.05694369226694107,
    "max_final_cube_target_dist": 0.059996869415044785,
    "mean_min_cube_target_dist": 0.05963469669222832,
    "std_min_cube_target_dist": 0.00044888025149703026,
    "min_min_cube_target_dist": 0.05694369226694107,
    "max_min_cube_target_dist": 0.059996869415044785,
    "mean_final_ee_cube_dist": 0.06546484678983688,
    "std_final_ee_cube_dist": 0.004888902883976698,
    "min_final_ee_cube_dist": 0.05863046646118164,
    "max_final_ee_cube_dist": 0.0907263532280922,
    "mean_min_ee_cube_dist": 0.06483456492424011,
    "std_min_ee_cube_dist": 0.0031311213970184326,
    "min_min_ee_cube_dist": 0.05862930789589882,
    "max_min_ee_cube_dist": 0.07067933678627014,
    "mean_placement_margin_m": -0.0003653049352578819,
    "std_placement_margin_m": 0.00044888025149703026,
    "min_placement_margin_m": -0.003056307788938284,
    "max_placement_margin_m": -3.130584900645772e-06,
    "mean_best_placement_margin_m": -0.0003653049352578819,
    "std_best_placement_margin_m": 0.00044888025149703026,
    "min_best_placement_margin_m": -0.003056307788938284,
    "max_best_placement_margin_m": -3.130584900645772e-06,
    "grasp_rate": 1.0,
    "truncated_rate": 0.0
  },
  "failure_stats": {
    "count": 4,
    "mean_steps": 1200.0,
    "std_steps": 0.0,
    "min_steps": 1200.0,
    "max_steps": 1200.0,
    "mean_total_reward": -320.69720458984375,
    "std_total_reward": 176.6129608154297,
    "min_total_reward": -625.5758056640625,
    "max_total_reward": -195.6470947265625,
    "mean_final_cube_target_dist": 0.19625277817249298,
    "std_final_cube_target_dist": 0.13794009387493134,
    "min_final_cube_target_dist": 0.07480257749557495,
    "max_final_cube_target_dist": 0.4302499294281006,
    "mean_min_cube_target_dist": 0.12815476953983307,
    "std_min_cube_target_dist": 0.04605342075228691,
    "min_min_cube_target_dist": 0.07025782018899918,
    "max_min_cube_target_dist": 0.1968151032924652,
    "mean_final_ee_cube_dist": 0.1398387998342514,
    "std_final_ee_cube_dist": 0.10124169290065765,
    "min_final_ee_cube_dist": 0.06476233899593353,
    "max_final_ee_cube_dist": 0.3112223744392395,
    "mean_min_ee_cube_dist": 0.062371738255023956,
    "std_min_ee_cube_dist": 0.003162605222314596,
    "min_min_ee_cube_dist": 0.057260911911726,
    "max_min_ee_cube_dist": 0.06567379087209702,
    "mean_placement_margin_m": 0.1362527757883072,
    "std_placement_margin_m": 0.13794009387493134,
    "min_placement_margin_m": 0.014802577905356884,
    "max_placement_margin_m": 0.3702499270439148,
    "mean_best_placement_margin_m": 0.06815475225448608,
    "std_best_placement_margin_m": 0.04605342447757721,
    "min_best_placement_margin_m": 0.010257820598781109,
    "max_best_placement_margin_m": 0.13681510090827942,
    "grasp_rate": 1.0,
    "truncated_rate": 1.0
  },
  "failure_by_cube": {
    "cube_0": {
      "episodes": 17,
      "failures": 2,
      "failure_rate": 0.11764705882352941,
      "mean_final_cube_target_dist": 0.08243627605192802
    },
    "cube_1": {
      "episodes": 17,
      "failures": 0,
      "failure_rate": 0.0,
      "mean_final_cube_target_dist": 0.059659709386965805
    },
    "cube_2": {
      "episodes": 16,
      "failures": 2,
      "failure_rate": 0.125,
      "mean_final_cube_target_dist": 0.06953595648519695
    }
  },
  "worst_failures": [
    {
      "episode": 27,
      "seed": 38,
      "active_cube": "cube_0",
      "success": false,
      "truncated": true,
      "steps": 1200,
      "total_reward": -625.5757903990321,
      "final_cube_target_dist": 0.4302499294281006,
      "min_cube_target_dist": 0.1968151032924652,
      "final_ee_cube_dist": 0.3112223744392395,
      "min_ee_cube_dist": 0.057260911911726,
      "grasped_any": true,
      "final_has_grasped": false,
      "errp_count": 0,
      "final_controller_event": 8,
      "final_controller_t": 0.4880000000000004,
      "phase_hold_steps": 0,
      "reward_components_total": {
        "ee_to_cube_progress": 0.2691986560290085,
        "cube_to_target_progress": 0.19831431023224466,
        "carrying_cube_to_target_progress": 1.0646616614183753,
        "grasp_phase_distance_penalty": -114.19905494938465,
        "missed_grasp_transition_penalty": 0.0,
        "grasp_bonus": 25.170000000000197,
        "target_zone_bonus": 0.0,
        "success_bonus": 0.0,
        "placement_error_penalty": -531.092010285059,
        "release_outside_target_penalty": -4.0,
        "action_penalty": -2.986899792268088,
        "near_human_penalty": 0.0,
        "human_collision_penalty": 0.0,
        "errp_penalty": 0.0
      },
      "failure_category": "released_outside_success_radius",
      "placement_margin_m": 0.3702499294281006,
      "best_placement_margin_m": 0.1368151032924652
    },
    {
      "episode": 32,
      "seed": 43,
      "active_cube": "cube_2",
      "success": false,
      "truncated": true,
      "steps": 1200,
      "total_reward": -233.12041874006903,
      "final_cube_target_dist": 0.15163366496562958,
      "min_cube_target_dist": 0.13617916405200958,
      "final_ee_cube_dist": 0.06476233899593353,
      "min_ee_cube_dist": 0.06409721076488495,
      "grasped_any": true,
      "final_has_grasped": false,
      "errp_count": 0,
      "final_controller_event": 8,
      "final_controller_t": 0.4880000000000004,
      "phase_hold_steps": 0,
      "reward_components_total": {
        "ee_to_cube_progress": 0.7533737318349676,
        "cube_to_target_progress": 0.26214623806017434,