{
  "input_json": "/home/railabchan/isaac_vr_project/v2/eval_results/ppo_pick_place_v1_rollout_eval.json",
  "success_dist": 0.06,
  "summary": {
    "episodes": 50,
    "successes": 45,
    "failures": 5,
    "success_rate": 0.9,
    "failure_categories": {
      "released_outside_success_radius": 1,
      "grasp_never_established": 4
    }
  },
  "overall_stats": {
    "count": 50,
    "mean_steps": 795.52001953125,
    "std_steps": 148.98297119140625,
    "min_steps": 631.0,
    "max_steps": 1200.0,
    "mean_total_reward": -56.571075439453125,
    "std_total_reward": 159.79498291015625,
    "min_total_reward": -1163.6463623046875,
    "max_total_reward": -3.852128505706787,
    "mean_final_cube_target_dist": 0.1185164526104927,
    "std_final_cube_target_dist": 0.25947296619415283,
    "min_final_cube_target_dist": 0.05881718173623085,
    "max_final_cube_target_dist": 1.534927248954773,
    "mean_min_cube_target_dist": 0.0706886500120163,
    "std_min_cube_target_dist": 0.042197275906801224,
    "min_min_cube_target_dist": 0.05881718173623085,
    "max_min_cube_target_dist": 0.3188764750957489,
    "mean_final_ee_cube_dist": 0.13897518813610077,
    "std_final_ee_cube_dist": 0.3021486699581146,
    "min_final_ee_cube_dist": 0.05730383098125458,
    "max_final_ee_cube_dist": 1.867544174194336,
    "mean_min_ee_cube_dist": 0.05916544795036316,
    "std_min_ee_cube_dist": 0.0054385303519666195,
    "min_min_ee_cube_dist": 0.05696627125144005,
    "max_min_ee_cube_dist": 0.08833933621644974,
    "mean_placement_margin_m": 0.05851646885275841,
    "std_placement_margin_m": 0.25947296619415283,
    "min_placement_margin_m": -0.0011828183196485043,
    "max_placement_margin_m": 1.474927306175232,
    "mean_best_placement_margin_m": 0.010688655078411102,
    "std_best_placement_margin_m": 0.042197275906801224,
    "min_best_placement_margin_m": -0.0011828183196485043,
    "max_best_placement_margin_m": 0.2588764727115631,
    "grasp_rate": 0.92,
    "truncated_rate": 0.1
  },
  "success_stats": {
    "count": 45,
    "mean_steps": 750.5777587890625,
    "std_steps": 66.81399536132812,
    "min_steps": 631.0,
    "max_steps": 921.0,
    "mean_total_reward": -29.36830711364746,
    "std_total_reward": 16.942745208740234,
    "min_total_reward": -66.67047882080078,
    "max_total_reward": -3.852128505706787,
    "mean_final_cube_target_dist": 0.059684429317712784,
    "std_final_cube_target_dist": 0.0002056538942269981,
    "min_final_cube_target_dist": 0.05881718173623085,
    "max_final_cube_target_dist": 0.059991464018821716,
    "mean_min_cube_target_dist": 0.059684429317712784,
    "std_min_cube_target_dist": 0.0002056538942269981,
    "min_min_cube_target_dist": 0.05881718173623085,
    "max_min_cube_target_dist": 0.059991464018821716,
    "mean_final_ee_cube_dist": 0.05854944512248039,
    "std_final_ee_cube_dist": 0.004149492364376783,
    "min_final_ee_cube_dist": 0.05730383098125458,
    "max_final_ee_cube_dist": 0.0821455791592598,
    "mean_min_ee_cube_dist": 0.057707611471414566,
    "std_min_ee_cube_dist": 0.0005863381666131318,
    "min_min_ee_cube_dist": 0.05696627125144005,
    "max_min_ee_cube_dist": 0.05931933596730232,
    "mean_placement_margin_m": -0.0003155713202431798,
    "std_placement_margin_m": 0.0002056538942269981,
    "min_placement_margin_m": -0.0011828183196485043,
    "max_placement_margin_m": -8.53598157846136e-06,
    "mean_best_placement_margin_m": -0.0003155713202431798,
    "std_best_placement_margin_m": 0.0002056538942269981,
    "min_best_placement_margin_m": -0.0011828183196485043,
    "max_best_placement_margin_m": -8.53598157846136e-06,
    "grasp_rate": 1.0,
    "truncated_rate": 0.0
  },
  "failure_stats": {
    "count": 5,
    "mean_steps": 1200.0,
    "std_steps": 0.0,
    "min_steps": 1200.0,
    "max_steps": 1200.0,
    "mean_total_reward": -301.39593505859375,
    "std_total_reward": 431.4646301269531,
    "min_total_reward": -1163.6463623046875,
    "max_total_reward": -59.06662368774414,
    "mean_final_cube_target_dist": 0.6480048298835754,
    "std_final_cube_target_dist": 0.6014591455459595,
    "min_final_cube_target_dist": 0.14240367710590363,
    "max_final_cube_target_dist": 1.534927248954773,
    "mean_min_cube_target_dist": 0.16972669959068298,
    "std_min_cube_target_dist": 0.08311046659946442,
    "min_min_cube_target_dist": 0.06549602001905441,
    "max_min_cube_target_dist": 0.3188764750957489,
    "mean_final_ee_cube_dist": 0.8628066778182983,
    "std_final_ee_cube_dist": 0.5750100016593933,
    "min_final_ee_cube_dist": 0.3868753910064697,
    "max_final_ee_cube_dist": 1.867544174194336,
    "mean_min_ee_cube_dist": 0.07228591293096542,
    "std_min_ee_cube_dist": 0.01007014885544777,
    "min_min_ee_cube_dist": 0.057027608156204224,
    "max_min_ee_cube_dist": 0.08833933621644974,
    "mean_placement_margin_m": 0.5880047678947449,
    "std_placement_margin_m": 0.6014592051506042,
    "min_placement_margin_m": 0.08240367472171783,
    "max_placement_margin_m": 1.474927306175232,
    "mean_best_placement_margin_m": 0.1097266897559166,
    "std_best_placement_margin_m": 0.08311045914888382,
    "min_best_placement_margin_m": 0.005496019963175058,
    "max_best_placement_margin_m": 0.2588764727115631,
    "grasp_rate": 0.2,
    "truncated_rate": 1.0
  },
  "failure_by_cube": {
    "cube_0": {
      "episodes": 17,
      "failures": 0,
      "failure_rate": 0.0,
      "mean_final_cube_target_dist": 0.059712062206338436
    },
    "cube_1": {
      "episodes": 17,
      "failures": 3,
      "failure_rate": 0.17647058823529413,
      "mean_final_cube_target_dist": 0.07813846122692614
    },
    "cube_2": {
      "episodes": 16,
      "failures": 2,
      "failure_rate": 0.125,
      "mean_final_cube_target_dist": 0.22389776702038944
    }
  },
  "worst_failures": [
    {
      "episode": 41,
      "seed": 52,
      "active_cube": "cube_2",
      "success": false,
      "truncated": true,
      "steps": 1200,
      "total_reward": -1163.6463770826233,
      "final_cube_target_dist": 1.534927248954773,
      "min_cube_target_dist": 0.3188764750957489,
      "final_ee_cube_dist": 1.867544174194336,
      "min_ee_cube_dist": 0.08833933621644974,
      "grasped_any": false,
      "final_has_grasped": false,
      "errp_count": 0,
      "final_controller_event": 10,
      "final_controller_t": 0.0,
      "phase_hold_steps": 0,
      "reward_components_total": {
        "ee_to_cube_progress": -2.7093059987699877,
        "cube_to_target_progress": -1.8230202645628204,
        "carrying_cube_to_target_progress": 0.0,
        "grasp_bonus": 0.0,
        "target_zone_bonus": 0.0,
        "success_bonus": 0.0,
        "placement_error_penalty": -1142.5769652514218,
        "release_outside_target_penalty": 0.0,
        "action_penalty": -16.537085567867454,
        "near_human_penalty": 0.0,
        "human_collision_penalty": 0.0,
        "errp_penalty": 0.0
      },
      "failure_category": "grasp_never_established",
      "placement_margin_m": 1.474927248954773,
      "best_placement_margin_m": 0.2588764750957489
    },
    {
      "episode": 2,
      "seed": 13,
      "active_cube": "cube_2",
      "success": false,
      "truncated": true,
      "steps": 1200,
      "total_reward": -59.0666221225227,
      "final_cube_target_dist": 1.212764024734497,
      "min_cube_target_dist": 0.06549602001905441,
      "final_ee_cube_dist": 1.1471340656280518,
      "min_ee_cube_dist": 0.057027608156204224,
      "grasped_any": true,
      "final_has_grasped": false,
      "errp_count": 0,
      "final_controller_event": 10,
      "final_controller_t": 0.0,
      "phase_hold_steps": 0,
      "reward_components_total": {
        "ee_to_cube_progress": -1.467538060514841,
        "cube_to_target_progress": -1.4302850770562086,
        "carrying_cube_to_target_progress": 1.178974457892315,
        "grasp_bonus": 13.6799999999999,
        "target_zone_bonus": 0.0,
        "success_bonus": 0.0,