{
  "input_json": "/home/railabchan/isaac_vr_project/v2/eval_results/ppo_pick_place_v2_releasegate_rollout_eval.json",
  "success_dist": 0.06,
  "summary": {
    "episodes": 50,
    "successes": 48,
    "failures": 2,
    "success_rate": 0.96,
    "failure_categories": {
      "grasp_never_established": 2
    }
  },
  "overall_stats": {
    "count": 50,
    "mean_steps": 715.3800048828125,
    "std_steps": 200.296875,
    "min_steps": 609.0,
    "max_steps": 1200.0,
    "mean_total_reward": -215.58773803710938,
    "std_total_reward": 414.0227966308594,
    "min_total_reward": -3046.245849609375,
    "max_total_reward": -117.73709106445312,
    "mean_final_cube_target_dist": 0.08194576948881149,
    "std_final_cube_target_dist": 0.1107923611998558,
    "min_final_cube_target_dist": 0.05522305145859718,
    "max_final_cube_target_dist": 0.6658406853675842,
    "mean_min_cube_target_dist": 0.07941487431526184,
    "std_min_cube_target_dist": 0.09806491434574127,
    "min_min_cube_target_dist": 0.05522305145859718,
    "max_min_cube_target_dist": 0.5624593496322632,
    "mean_final_ee_cube_dist": 0.08578094840049744,
    "std_final_ee_cube_dist": 0.11022765189409256,
    "min_final_ee_cube_dist": 0.05843062698841095,
    "max_final_ee_cube_dist": 0.822817862033844,
    "mean_min_ee_cube_dist": 0.060182638466358185,
    "std_min_ee_cube_dist": 0.0024173036217689514,
    "min_min_ee_cube_dist": 0.05757782608270645,
    "max_min_ee_cube_dist": 0.0700996071100235,
    "mean_placement_margin_m": 0.021945767104625702,
    "std_placement_margin_m": 0.1107923611998558,
    "min_placement_margin_m": -0.004776948597282171,
    "max_placement_margin_m": 0.6058406829833984,
    "mean_best_placement_margin_m": 0.0194148737937212,
    "std_best_placement_margin_m": 0.09806491434574127,
    "min_best_placement_margin_m": -0.004776948597282171,
    "max_best_placement_margin_m": 0.5024593472480774,
    "grasp_rate": 0.96,
    "truncated_rate": 0.04
  },
  "success_stats": {
    "count": 48,
    "mean_steps": 695.1875,
    "std_steps": 177.75552368164062,
    "min_steps": 609.0,
    "max_steps": 1156.0,
    "mean_total_reward": -145.06072998046875,
    "std_total_reward": 15.638896942138672,
    "min_total_reward": -171.7693634033203,
    "max_total_reward": -117.73709106445312,
    "mean_final_cube_target_dist": 0.059398725628852844,
    "std_final_cube_target_dist": 0.000986322294920683,
    "min_final_cube_target_dist": 0.05522305145859718,
    "max_final_cube_target_dist": 0.059969402849674225,
    "mean_min_cube_target_dist": 0.059398725628852844,
    "std_min_cube_target_dist": 0.000986322294920683,
    "min_min_cube_target_dist": 0.05522305145859718,
    "max_min_cube_target_dist": 0.059969402849674225,
    "mean_final_ee_cube_dist": 0.06683383136987686,
    "std_final_ee_cube_dist": 0.01899648830294609,
    "min_final_ee_cube_dist": 0.05843062698841095,
    "max_final_ee_cube_dist": 0.13164974749088287,
    "mean_min_ee_cube_dist": 0.05980297550559044,
    "std_min_ee_cube_dist": 0.001567238592542708,
    "min_min_ee_cube_dist": 0.05757782608270645,
    "max_min_ee_cube_dist": 0.06561526656150818,
    "mean_placement_margin_m": -0.0006012759986333549,
    "std_placement_margin_m": 0.0009863224113360047,
    "min_placement_margin_m": -0.004776948597282171,
    "max_placement_margin_m": -3.059715163544752e-05,
    "mean_best_placement_margin_m": -0.0006012759986333549,
    "std_best_placement_margin_m": 0.0009863224113360047,
    "min_best_placement_margin_m": -0.004776948597282171,
    "max_best_placement_margin_m": -3.059715163544752e-05,
    "grasp_rate": 1.0,
    "truncated_rate": 0.0
  },
  "failure_stats": {
    "count": 2,
    "mean_steps": 1200.0,
    "std_steps": 0.0,
    "min_steps": 1200.0,
    "max_steps": 1200.0,
    "mean_total_reward": -1908.236083984375,
    "std_total_reward": 1138.009765625,
    "min_total_reward": -3046.245849609375,
    "max_total_reward": -770.226318359375,
    "mean_final_cube_target_dist": 0.6230747699737549,
    "std_final_cube_target_dist": 0.04276594519615173,
    "min_final_cube_target_dist": 0.5803087949752808,
    "max_final_cube_target_dist": 0.6658406853675842,
    "mean_min_cube_target_dist": 0.5598024725914001,
    "std_min_cube_target_dist": 0.002656877040863037,
    "min_min_cube_target_dist": 0.5571455955505371,
    "max_min_cube_target_dist": 0.5624593496322632,
    "mean_final_ee_cube_dist": 0.5405114889144897,
    "std_final_ee_cube_dist": 0.28230637311935425,
    "min_final_ee_cube_dist": 0.2582050859928131,
    "max_final_ee_cube_dist": 0.822817862033844,
    "mean_min_ee_cube_dist": 0.0692945271730423,
    "std_min_ee_cube_dist": 0.0008050762698985636,
    "min_min_ee_cube_dist": 0.0684894546866417,
    "max_min_ee_cube_dist": 0.0700996071100235,
    "mean_placement_margin_m": 0.5630747079849243,
    "std_placement_margin_m": 0.04276594519615173,
    "min_placement_margin_m": 0.520308792591095,
    "max_placement_margin_m": 0.6058406829833984,
    "mean_best_placement_margin_m": 0.49980247020721436,
    "std_best_placement_margin_m": 0.002656877040863037,
    "min_best_placement_margin_m": 0.4971455931663513,
    "max_best_placement_margin_m": 0.5024593472480774,
    "grasp_rate": 0.0,
    "truncated_rate": 1.0
  },
  "failure_by_cube": {
    "cube_0": {
      "episodes": 17,
      "failures": 2,
      "failure_rate": 0.11764705882352941,
      "mean_final_cube_target_dist": 0.12558415488285177
    },
    "cube_1": {
      "episodes": 17,
      "failures": 0,
      "failure_rate": 0.0,
      "mean_final_cube_target_dist": 0.05939350890762666
    },
    "cube_2": {
      "episodes": 16,
      "failures": 0,
      "failure_rate": 0.0,
      "mean_final_cube_target_dist": 0.05954174674116075
    }
  },
  "worst_failures": [
    {
      "episode": 45,
      "seed": 56,
      "active_cube": "cube_0",
      "success": false,
      "truncated": true,
      "steps": 1200,
      "total_reward": -3046.2458101191683,
      "final_cube_target_dist": 0.6658406853675842,
      "min_cube_target_dist": 0.5571455955505371,
      "final_ee_cube_dist": 0.822817862033844,
      "min_ee_cube_dist": 0.0684894546866417,
      "grasped_any": false,
      "final_has_grasped": false,
      "errp_count": 0,
      "final_controller_event": 6,
      "final_controller_t": 0.45750000000000035,
      "phase_hold_steps": 0,
      "reward_components_total": {
        "ee_to_cube_progress": -0.7506396681018531,
        "cube_to_target_progress": -0.16188957706394058,
        "carrying_cube_to_target_progress": 0.0,
        "grasp_phase_distance_penalty": -2851.5839953303125,
        "missed_grasp_transition_penalty": -2.0,
        "grasp_bonus": 0.0,
        "target_zone_bonus": 0.0,
        "success_bonus": 0.0,
        "placement_error_penalty": -180.13663402061323,
        "release_outside_target_penalty": 0.0,
        "action_penalty": -11.61265152307698,
        "near_human_penalty": 0.0,
        "human_collision_penalty": 0.0,
        "errp_penalty": 0.0
      },
      "failure_category": "grasp_never_established",
      "placement_margin_m": 0.6058406853675842,
      "best_placement_margin_m": 0.4971455955505371
    },
    {
      "episode": 27,
      "seed": 38,
      "active_cube": "cube_0",
      "success": false,
      "truncated": true,
      "steps": 1200,
      "total_reward": -770.2263148735764,
      "final_cube_target_dist": 0.5803087949752808,
      "min_cube_target_dist": 0.5624593496322632,
      "final_ee_cube_dist": 0.2582050859928131,
      "min_ee_cube_dist": 0.0700996071100235,
      "grasped_any": false,
      "final_has_grasped": false,
      "errp_count": 0,
      "final_controller_event": 6,
      "final_controller_t": 0.45750000000000035,
      "phase_hold_steps": 0,
      "reward_components_total": {
        "ee_to_cube_progress": 0.3752332112084649,
        "cube_to_target_progress": -0.026773970465393815,
        "carrying_cube_to_target_progress": 0.0,