{
  "input_json": "/home/railabchan/isaac_vr_project/v2/eval_results/ppo_pick_place_v6_residual_rewardv3_best_releasegate_require_release_rollout_eval.json",
  "success_dist": 0.06,
  "summary": {
    "episodes": 50,
    "successes": 49,
    "failures": 1,
    "success_rate": 0.98,
    "failure_categories": {
      "reached_target_then_drifted": 1
    }
  },
  "overall_stats": {
    "count": 50,
    "mean_steps": 821.3200073242188,
    "std_steps": 115.00772857666016,
    "min_steps": 779.0,
    "max_steps": 1200.0,
    "mean_total_reward": -113.90385437011719,
    "std_total_reward": 22.224834442138672,
    "min_total_reward": -171.3837432861328,
    "max_total_reward": -73.77832794189453,
    "mean_final_cube_target_dist": 0.043433502316474915,
    "std_final_cube_target_dist": 0.01023293100297451,
    "min_final_cube_target_dist": 0.024716848507523537,
    "max_final_cube_target_dist": 0.07064950466156006,
    "mean_min_cube_target_dist": 0.0388147197663784,
    "std_min_cube_target_dist": 0.010054870508611202,
    "min_min_cube_target_dist": 0.020225686952471733,
    "max_min_cube_target_dist": 0.059514470398426056,
    "mean_final_ee_cube_dist": 0.06932757049798965,
    "std_final_ee_cube_dist": 0.01590331271290779,
    "min_final_ee_cube_dist": 0.062385525554418564,
    "max_final_ee_cube_dist": 0.125474214553833,
    "mean_min_ee_cube_dist": 0.05971275269985199,
    "std_min_ee_cube_dist": 0.0014705122448503971,
    "min_min_ee_cube_dist": 0.05801517888903618,
    "max_min_ee_cube_dist": 0.06445774435997009,
    "mean_placement_margin_m": -0.01656649447977543,
    "std_placement_margin_m": 0.01023293100297451,
    "min_placement_margin_m": -0.035283152014017105,
    "max_placement_margin_m": 0.010649505071341991,
    "mean_best_placement_margin_m": -0.02118528075516224,
    "std_best_placement_margin_m": 0.010054870508611202,
    "min_best_placement_margin_m": -0.03977431356906891,
    "max_best_placement_margin_m": -0.00048552959924563766,
    "grasp_rate": 1.0,
    "truncated_rate": 0.02
  },
  "success_stats": {
    "count": 49,
    "mean_steps": 813.5918579101562,
    "std_steps": 102.52066040039062,
    "min_steps": 779.0,
    "max_steps": 1153.0,
    "mean_total_reward": -113.52239227294922,
    "std_total_reward": 22.287853240966797,
    "min_total_reward": -171.3837432861328,
    "max_total_reward": -73.77832794189453,
    "mean_final_cube_target_dist": 0.04287807643413544,
    "std_final_cube_target_dist": 0.009561632759869099,
    "min_final_cube_target_dist": 0.024716848507523537,
    "max_final_cube_target_dist": 0.059514470398426056,
    "mean_min_cube_target_dist": 0.038530997931957245,
    "std_min_cube_target_dist": 0.009956841357052326,
    "min_min_cube_target_dist": 0.020225686952471733,
    "max_min_cube_target_dist": 0.059514470398426056,
    "mean_final_ee_cube_dist": 0.06818171590566635,
    "std_final_ee_cube_dist": 0.013871853239834309,
    "min_final_ee_cube_dist": 0.062385525554418564,
    "max_final_ee_cube_dist": 0.12358907610177994,
    "mean_min_ee_cube_dist": 0.05973123386502266,
    "std_min_ee_cube_dist": 0.0014796837931498885,
    "min_min_ee_cube_dist": 0.05801517888903618,
    "max_min_ee_cube_dist": 0.06445774435997009,
    "mean_placement_margin_m": -0.017121924087405205,
    "std_placement_margin_m": 0.009561632759869099,
    "min_placement_margin_m": -0.035283152014017105,
    "max_placement_margin_m": -0.00048552959924563766,
    "mean_best_placement_margin_m": -0.021469006314873695,
    "std_best_placement_margin_m": 0.009956841357052326,
    "min_best_placement_margin_m": -0.03977431356906891,
    "max_best_placement_margin_m": -0.00048552959924563766,
    "grasp_rate": 1.0,
    "truncated_rate": 0.0
  },
  "failure_stats": {
    "count": 1,
    "mean_steps": 1200.0,
    "std_steps": 0.0,
    "min_steps": 1200.0,
    "max_steps": 1200.0,
    "mean_total_reward": -132.59503173828125,
    "std_total_reward": 0.0,
    "min_total_reward": -132.59503173828125,
    "max_total_reward": -132.59503173828125,
    "mean_final_cube_target_dist": 0.07064950466156006,
    "std_final_cube_target_dist": 0.0,
    "min_final_cube_target_dist": 0.07064950466156006,
    "max_final_cube_target_dist": 0.07064950466156006,
    "mean_min_cube_target_dist": 0.05271727219223976,
    "std_min_cube_target_dist": 0.0,
    "min_min_cube_target_dist": 0.05271727219223976,
    "max_min_cube_target_dist": 0.05271727219223976,
    "mean_final_ee_cube_dist": 0.125474214553833,
    "std_final_ee_cube_dist": 0.0,
    "min_final_ee_cube_dist": 0.125474214553833,
    "max_final_ee_cube_dist": 0.125474214553833,
    "mean_min_ee_cube_dist": 0.05880731716752052,
    "std_min_ee_cube_dist": 0.0,
    "min_min_ee_cube_dist": 0.05880731716752052,
    "max_min_ee_cube_dist": 0.05880731716752052,
    "mean_placement_margin_m": 0.010649505071341991,
    "std_placement_margin_m": 0.0,
    "min_placement_margin_m": 0.010649505071341991,
    "max_placement_margin_m": 0.010649505071341991,
    "mean_best_placement_margin_m": -0.007282727863639593,
    "std_best_placement_margin_m": 0.0,
    "min_best_placement_margin_m": -0.007282727863639593,
    "max_best_placement_margin_m": -0.007282727863639593,
    "grasp_rate": 1.0,
    "truncated_rate": 1.0
  },
  "failure_by_cube": {
    "cube_0": {
      "episodes": 17,
      "failures": 0,
      "failure_rate": 0.0,
      "mean_final_cube_target_dist": 0.04129019642577452
    },
    "cube_1": {
      "episodes": 17,
      "failures": 1,
      "failure_rate": 0.058823529411764705,
      "mean_final_cube_target_dist": 0.045003094655625964
    },
    "cube_2": {
      "episodes": 16,
      "failures": 0,
      "failure_rate": 0.0,
      "mean_final_cube_target_dist": 0.0440430857706815
    }
  },
  "worst_failures": [
    {
      "episode": 4,
      "seed": 15,
      "active_cube": "cube_1",
      "success": false,
      "truncated": true,
      "steps": 1200,
      "total_reward": -132.59502485465862,
      "final_cube_target_dist": 0.07064950466156006,
      "min_cube_target_dist": 0.05271727219223976,
      "final_ee_cube_dist": 0.125474214553833,
      "min_ee_cube_dist": 0.05880731716752052,
      "grasped_any": true,
      "final_has_grasped": false,
      "errp_count": 0,
      "final_controller_event": 8,
      "final_controller_t": 0.4880000000000004,
      "phase_hold_steps": 0,
      "bc_blend_count": 0,
      "reward_components_total": {
        "ee_to_cube_progress": 0.6196220575340362,
        "cube_to_target_progress": 0.15212388797993748,
        "carrying_cube_to_target_progress": 0.7099119316962926,
        "grasp_phase_distance_penalty": -114.13261941749268,
        "missed_grasp_transition_penalty": 0.0,
        "grasp_bonus": 24.360000000000166,
        "target_zone_bonus": 12.300000000000018,
        "success_bonus": 0.0,
        "placement_error_penalty": -54.720175869859624,
        "near_target_progress_bonus": 0.16657052997267635,
        "near_target_hold_bonus": 5.549999999999988,
        "near_target_regression_penalty": -0.41341463807278706,
        "near_target_exit_penalty": -0.8,
        "release_outside_target_penalty": -4.0,
        "action_penalty": -2.3870433364166472,
        "near_human_penalty": 0.0,
        "human_collision_penalty": 0.0,
        "errp_penalty": 0.0
      },
      "failure_category": "reached_target_then_drifted",
      "placement_margin_m": 0.01064950466156006,
      "best_placement_margin_m": -0.007282727807760236
    }
  ],
  "all_failures": [
    {
      "episode": 4,
      "seed": 15,
      "active_cube": "cube_1",
      "success": false,
      "truncated": true,
      "steps": 1200,
      "total_reward": -132.59502485465862,
      "final_cube_target_dist": 0.07064950466156006,
      "min_cube_target_dist": 0.05271727219223976,
      "final_ee_cube_dist": 0.125474214553833,
      "min_ee_cube_dist": 0.05880731716752052,
      "grasped_any": true,
      "final_has_grasped": false,
      "errp_count": 0,
      "final_controller_event": 8,