{
  "input_json": "/home/railabchan/isaac_vr_project/v2/eval_results/ppo_pick_place_v5_residual_best_releasegate_rollout_eval.json",
  "success_dist": 0.06,
  "summary": {
    "episodes": 50,
    "successes": 47,
    "failures": 3,
    "success_rate": 0.94,
    "failure_categories": {
      "released_outside_success_radius": 3
    }
  },
  "overall_stats": {
    "count": 50,
    "mean_steps": 679.3400268554688,
    "std_steps": 151.39968872070312,
    "min_steps": 612.0,
    "max_steps": 1200.0,
    "mean_total_reward": -144.01454162597656,
    "std_total_reward": 19.30119514465332,
    "min_total_reward": -190.7322540283203,
    "max_total_reward": -116.6529312133789,
    "mean_final_cube_target_dist": 0.060534682124853134,
    "std_final_cube_target_dist": 0.0038656452670693398,
    "min_final_cube_target_dist": 0.05869641900062561,
    "max_final_cube_target_dist": 0.08574545383453369,
    "mean_min_cube_target_dist": 0.059994425624608994,
    "std_min_cube_target_dist": 0.0011172057129442692,
    "min_min_cube_target_dist": 0.05869641900062561,
    "max_min_cube_target_dist": 0.06707878410816193,
    "mean_final_ee_cube_dist": 0.06637613475322723,
    "std_final_ee_cube_dist": 0.017702458426356316,
    "min_final_ee_cube_dist": 0.05905786156654358,
    "max_final_ee_cube_dist": 0.13784010708332062,
    "mean_min_ee_cube_dist": 0.061146922409534454,
    "std_min_ee_cube_dist": 0.0018912999657914042,
    "min_min_ee_cube_dist": 0.058958813548088074,
    "max_min_ee_cube_dist": 0.06611725687980652,
    "mean_placement_margin_m": 0.0005346871912479401,
    "std_placement_margin_m": 0.003865645034238696,
    "min_placement_margin_m": -0.0013035810552537441,
    "max_placement_margin_m": 0.02574545331299305,
    "mean_best_placement_margin_m": -5.574543138209265e-06,
    "std_best_placement_margin_m": 0.0011172057129442692,
    "min_best_placement_margin_m": -0.0013035810552537441,
    "max_best_placement_margin_m": 0.007078784052282572,
    "grasp_rate": 1.0,
    "truncated_rate": 0.06
  },
  "success_stats": {
    "count": 47,
    "mean_steps": 646.1063842773438,
    "std_steps": 77.31153106689453,
    "min_steps": 612.0,
    "max_steps": 1157.0,
    "mean_total_reward": -141.73016357421875,
    "std_total_reward": 17.172489166259766,
    "min_total_reward": -181.00650024414062,
    "max_total_reward": -116.6529312133789,
    "mean_final_cube_target_dist": 0.05976296588778496,
    "std_final_cube_target_dist": 0.00020239086006768048,
    "min_final_cube_target_dist": 0.05869641900062561,
    "max_final_cube_target_dist": 0.05999680235981941,
    "mean_min_cube_target_dist": 0.05976296588778496,
    "std_min_cube_target_dist": 0.00020239086006768048,
    "min_min_cube_target_dist": 0.05869641900062561,
    "max_min_cube_target_dist": 0.05999680235981941,
    "mean_final_ee_cube_dist": 0.06284099072217941,
    "std_final_ee_cube_dist": 0.010804431512951851,
    "min_final_ee_cube_dist": 0.05905786156654358,
    "max_final_ee_cube_dist": 0.13491055369377136,
    "mean_min_ee_cube_dist": 0.06117976829409599,
    "std_min_ee_cube_dist": 0.0019094935851171613,
    "min_min_ee_cube_dist": 0.05904903635382652,
    "max_min_ee_cube_dist": 0.06611725687980652,
    "mean_placement_margin_m": -0.00023703358601778746,
    "std_placement_margin_m": 0.00020239086006768048,
    "min_placement_margin_m": -0.0013035810552537441,
    "max_placement_margin_m": -3.1976401260180864e-06,
    "mean_best_placement_margin_m": -0.00023703358601778746,
    "std_best_placement_margin_m": 0.00020239086006768048,
    "min_best_placement_margin_m": -0.0013035810552537441,
    "max_best_placement_margin_m": -3.1976401260180864e-06,
    "grasp_rate": 1.0,
    "truncated_rate": 0.0
  },
  "failure_stats": {
    "count": 3,
    "mean_steps": 1200.0,
    "std_steps": 0.0,
    "min_steps": 1200.0,
    "max_steps": 1200.0,
    "mean_total_reward": -179.8032989501953,
    "std_total_reward": 15.044374465942383,
    "min_total_reward": -190.7322540283203,
    "max_total_reward": -158.530029296875,
    "mean_final_cube_target_dist": 0.07262498140335083,
    "std_final_cube_target_dist": 0.009638788178563118,
    "min_final_cube_target_dist": 0.0628632977604866,
    "max_final_cube_target_dist": 0.08574545383453369,
    "mean_min_cube_target_dist": 0.06362061947584152,
    "std_min_cube_target_dist": 0.002484380966052413,
    "min_min_cube_target_dist": 0.061353910714387894,
    "max_min_cube_target_dist": 0.06707878410816193,
    "mean_final_ee_cube_dist": 0.12176007777452469,
    "std_final_ee_cube_dist": 0.01144194882363081,
    "min_final_ee_cube_dist": 0.11215421557426453,
    "max_final_ee_cube_dist": 0.13784010708332062,
    "mean_min_ee_cube_dist": 0.06063234806060791,
    "std_min_ee_cube_dist": 0.0014872682513669133,
    "min_min_ee_cube_dist": 0.058958813548088074,
    "max_min_ee_cube_dist": 0.06257247924804688,
    "mean_placement_margin_m": 0.012624981813132763,
    "std_placement_margin_m": 0.009638788178563118,
    "min_placement_margin_m": 0.0028632977046072483,
    "max_placement_margin_m": 0.02574545331299305,
    "mean_best_placement_margin_m": 0.0036206182558089495,
    "std_best_placement_margin_m": 0.002484380966052413,
    "min_best_placement_margin_m": 0.0013539106585085392,
    "max_best_placement_margin_m": 0.007078784052282572,
    "grasp_rate": 1.0,
    "truncated_rate": 1.0
  },
  "failure_by_cube": {
    "cube_0": {
      "episodes": 17,
      "failures": 1,
      "failure_rate": 0.058823529411764705,
      "mean_final_cube_target_dist": 0.06131997638765503
    },
    "cube_1": {
      "episodes": 17,
      "failures": 2,
      "failure_rate": 0.11764705882352941,
      "mean_final_cube_target_dist": 0.060520727187395096
    },
    "cube_2": {
      "episodes": 16,
      "failures": 0,
      "failure_rate": 0.0,
      "mean_final_cube_target_dist": 0.059715150156989694
    }
  },
  "worst_failures": [
    {
      "episode": 36,
      "seed": 47,
      "active_cube": "cube_0",
      "success": false,
      "truncated": true,
      "steps": 1200,
      "total_reward": -158.530031121687,
      "final_cube_target_dist": 0.08574545383453369,
      "min_cube_target_dist": 0.06707878410816193,
      "final_ee_cube_dist": 0.13784010708332062,
      "min_ee_cube_dist": 0.058958813548088074,
      "grasped_any": true,
      "final_has_grasped": false,
      "errp_count": 0,
      "final_controller_event": 8,
      "final_controller_t": 0.4880000000000004,
      "phase_hold_steps": 0,
      "bc_blend_count": 0,
      "reward_components_total": {
        "ee_to_cube_progress": 0.6470925101009342,
        "cube_to_target_progress": 0.11652181344968139,
        "carrying_cube_to_target_progress": 0.5437684480517164,
        "grasp_phase_distance_penalty": -113.97095345492544,
        "missed_grasp_transition_penalty": 0.0,
        "grasp_bonus": 24.360000000000166,
        "target_zone_bonus": 0.0,
        "success_bonus": 0.0,
        "placement_error_penalty": -63.73168063267093,
        "release_outside_target_penalty": -4.0,
        "action_penalty": -2.4947798056929935,
        "near_human_penalty": 0.0,
        "human_collision_penalty": 0.0,
        "errp_penalty": 0.0
      },
      "failure_category": "released_outside_success_radius",
      "placement_margin_m": 0.025745453834533694,
      "best_placement_margin_m": 0.0070787841081619285
    },
    {
      "episode": 49,
      "seed": 60,
      "active_cube": "cube_1",
      "success": false,
      "truncated": true,
      "steps": 1200,
      "total_reward": -190.1476392025158,
      "final_cube_target_dist": 0.0692661926150322,
      "min_cube_target_dist": 0.061353910714387894,
      "final_ee_cube_dist": 0.11215421557426453,
      "min_ee_cube_dist": 0.06257247924804688,
      "grasped_any": true,
      "final_has_grasped": false,
      "errp_count": 0,
      "final_controller_event": 8,
      "final_controller_t": 0.4880000000000004,
      "phase_hold_steps": 0,
      "bc_blend_count": 0,